A_value,Final_Energy,Ground_State_Energy,Final_Prob_Max,Most_Probable_Bitstring
2.5,-6.249682426452637,-6.249999999999999,0.9989242,111110011
3.5,-5.9840803146362305,-6.000000000000002,0.39340436,110110011
4.5,-5.999823570251465,-5.999999999999994,0.57133657,110110011
5.0,-5.999980926513672,-6.000000000000004,0.5708004,110110011
