K_value,Final_Energy,Ground_State_Energy,Final_Prob_Max,Most_Probable_Bitstring
3,-0.5799019932746887,-0.580000000000001,0.99948424,111000
4,0.4050000309944153,0.40500000000000075,1.0,111100
