A_value,Final_Energy,Ground_State_Energy,Final_Prob_Max,Most_Probable_Bitstring
2.5,-3.0,-3.000000000000002,0.5009392,110100
3.5,-2.999999523162842,-3.0000000000000147,0.5006751,110100
4.5,-3.0,-3.00000000000003,0.50054085,110100
5.0,-2.999999761581421,-3.000000000000014,0.50054705,110100
