A_value,Final_Energy,Ground_State_Energy,Final_Prob_Max,Most_Probable_Bitstring
2.5,-2.9251819591353736,-3.000000000000002,0.4807908381121437,111000
3.5,-2.9105999229337143,-3.0000000000000147,0.47767263024591083,111000
4.5,-2.9191890427382123,-3.00000000000003,0.48365047706103426,111000
5.0,-2.9277712231519697,-3.000000000000014,0.4879208879022476,111000
