B_value,Final_Energy,Ground_State_Energy,Final_Prob_Max,Most_Probable_Bitstring
2.5,-2.333294153213501,-2.350000000000009,0.8359427,110010000
3.5,-2.333956241607666,-2.3499999999999948,0.84254026,110010000
4.5,-2.3345787525177,-2.3500000000000028,0.8487438,110010000
5.0,-2.3348727226257324,-2.350000000000016,0.8516747,110010000
